id;candidateId;electionsId
0;1;1
1;2;1
2;1;1
3;5;1
4;8;1
5;1;0
6;2;0
7;1;0
8;1;0
9;4;0
10;1;1
11;2;1
12;1;1
13;1;1
14;4;1
15;1;1
16;2;1
17;1;1
18;1;1
19;4;1
20;1;1
21;2;2
22;1;3
23;1;1
24;4;4
25;1;1
26;2;2
27;1;1
28;1;1
29;4;1
30;1;1
31;2;1
32;1;1
33;1;1
34;4;1
35;1;1
36;2;1
37;1;1
38;1;1
39;4;1
40;1;1
41;2;1
42;1;1
43;1;1
44;4;1
45;1;1
46;2;1
47;1;1
48;1;1
49;4;1
50;1;1
51;2;1
52;1;1
53;1;1
54;4;1
55;1;1
56;2;1
57;1;1
58;1;1
59;4;1
60;1;1
61;3;1
62;4;1
63;5;1
64;6;1
65;6;1
66;7;1
67;0;1
68;7;1
69;1;1
70;1;1
71;1;1
72;3;1
73;4;1
74;5;1
75;6;1
76;6;1
77;7;1
78;0;1
79;7;1
80;1;1
81;1;1
82;1;1
83;3;1
84;4;1
85;5;1
86;6;1
87;6;1
88;7;1
89;0;1
90;7;1
91;1;1
92;1;1
93;1;1
94;3;1
95;4;1
96;5;1
97;6;1
98;6;1
99;7;1
100;0;1
101;7;1
102;1;1
103;1;1
104;1;1
105;3;1
106;4;1
107;5;1
108;6;1
109;6;1
110;7;1
111;0;1
112;7;1
113;1;1
114;1;1
115;1;1
116;3;1
117;4;1
118;5;1
119;6;1
120;6;1
121;7;1
122;0;1
123;7;1
124;1;1
125;1;1
126;1;1
127;3;1
128;4;1
129;5;1
130;6;1
131;6;1
132;7;1
133;0;1
134;7;1
135;1;1
136;1;1
137;1;1
138;3;1
139;4;1
140;5;1
141;6;1
142;6;1
143;7;1
144;0;1
145;7;1
146;1;1
147;1;1
148;1;1
149;3;1
150;4;1
151;5;1
152;6;1
153;6;1
154;7;1
155;0;1
156;7;1
157;1;1
158;1;1
159;1;1
160;3;1
161;4;1
162;5;1
163;6;1
164;6;1
165;7;1
166;0;1
167;7;1
168;1;1
169;1;1
170;1;1
171;3;1
172;4;1
173;5;1
174;6;1
175;6;1
176;7;1
177;0;1
178;7;1
179;1;1
180;1;1
181;1;1
182;3;1
183;4;1
184;5;1
185;6;1
186;6;1
187;7;1
188;0;1
189;7;1
190;1;1
191;1;1
192;1;1
193;3;1
194;4;1
195;5;1
196;6;1
197;6;1
198;7;1
199;0;1
200;7;1
201;1;1
202;1;1
203;1;1
204;3;1
205;4;1
206;5;1
207;6;1
208;6;1
209;7;1
210;0;1
211;7;1
212;1;1
213;1;1
214;1;1
215;3;1
216;4;1
217;5;1
218;6;1
219;6;1
220;7;1
221;0;1
222;7;1
223;1;1
224;1;1
225;1;1
226;3;1
227;4;1
228;5;1
229;6;1
230;6;1
231;7;1
232;0;1
233;7;1
234;1;1
235;1;1
236;1;1
237;3;1
238;4;1
239;5;1
240;6;1
241;6;1
242;7;1
243;0;1
244;7;1
245;1;1
246;1;1
247;1;1
248;3;1
249;4;1
250;5;1
251;6;1
252;6;1
253;7;1
254;0;1
255;7;1
256;1;1
257;1;1
258;1;1
259;3;1
260;4;1
261;5;1
262;6;1
263;6;1
264;7;1
265;0;1
266;7;1
267;1;1
268;1;1
269;1;1
270;3;1
271;4;1
272;5;1
273;6;1
274;6;1
275;7;1
276;0;1
277;7;1
278;1;1
279;1;1
280;1;1
281;3;1
282;4;1
283;5;1
284;6;1
285;6;1
286;7;1
287;0;1
288;7;1
289;1;1
290;1;1
291;1;1
292;3;1
293;4;1
294;5;1
295;6;1
296;6;1
297;7;1
298;0;1
299;7;1
300;1;1
301;1;1
302;1;1
303;3;1
304;4;1
305;5;1
306;6;1
307;6;1
308;7;1
309;0;1
310;7;1
311;1;1
312;1;1
313;1;1
314;3;1
315;4;1
316;5;1
317;6;1
318;6;1
319;7;1
320;0;1
321;7;1
322;1;1
323;1;1
324;1;1
325;3;1
326;4;1
327;5;1
328;6;1
329;6;1
330;7;1
331;0;1
332;7;1
333;1;1
334;1;1
335;1;1
336;3;1
337;4;1
338;5;1
339;6;1
340;6;1
341;7;1
342;0;1
343;7;1
344;1;1
345;1;1
346;1;1
347;3;1
348;4;1
349;5;1
350;6;1
351;6;1
352;7;1
353;0;1
354;7;1
355;1;1
356;1;1
357;1;1
358;3;1
359;4;1
360;5;1
361;6;1
362;6;1
363;7;1
364;0;1
365;7;1
366;1;1
367;1;1
368;1;1
369;3;1
370;4;1
371;5;1
372;6;1
373;6;1
374;7;1
375;0;1
376;7;1
377;1;1
378;1;1
379;1;1
380;3;1
381;4;1
382;5;1
383;6;1
384;6;1
385;7;1
386;0;1
387;7;1
388;1;1
389;1;1
390;1;1
391;3;1
392;4;1
393;5;1
394;6;1
395;6;1
396;7;1
397;0;1
398;7;1
399;1;1
400;1;1
401;1;1
402;3;1
403;4;1
404;5;1
405;6;1
406;6;1
407;7;1
408;0;1
409;7;1
410;1;1
411;1;1
412;1;1
413;3;1
414;4;1
415;5;1
416;6;1
417;6;1
418;7;1
419;0;1
420;7;1
421;1;1
422;1;1
423;1;1
424;3;1
425;4;1
426;5;1
427;6;1
428;6;1
429;7;1
430;0;1
431;7;1
432;1;1
433;1;1
434;1;1
435;3;1
436;4;1
437;5;1
438;6;1
439;6;1
440;7;1
441;0;1
442;7;1
443;1;1
444;1;1
445;1;1
446;3;1
447;4;1
448;5;1
449;6;1
450;6;1
451;7;1
452;0;1
453;7;1
454;1;1
455;1;1
456;1;1
457;3;1
458;4;1
459;5;1
460;6;1
461;6;1
462;7;1
463;0;1
464;7;1
465;1;1
466;1;1
467;1;1
468;3;1
469;4;1
470;5;1
471;6;1
472;6;1
473;7;1
474;0;1
475;7;1
476;1;1
477;1;1
478;1;1
479;3;1
480;4;1
481;5;1
482;6;1
483;6;1
484;7;1
485;0;1
486;7;1
487;1;1
488;1;1
489;1;1
490;3;1
491;4;1
492;5;1
493;6;1
494;6;1
495;7;1
496;0;1
497;7;1
498;1;1
499;1;1
500;1;1
501;3;1
502;4;1
503;5;1
504;6;1
505;6;1
506;7;1
507;0;1
508;7;1
509;1;1
510;1;1
511;1;1
512;3;1
513;4;1
514;5;1
515;6;1
516;6;1
517;7;1
518;0;1
519;7;1
520;1;1
521;1;1
522;1;1
523;3;1
524;4;1
525;5;1
526;6;1
527;6;1
528;7;1
529;0;1
530;7;1
531;1;1
532;1;1
533;1;1
534;3;1
535;4;1
536;5;1
537;6;1
538;6;1
539;7;1
540;0;1
541;7;1
542;1;1
543;1;1
544;1;1
545;3;1
546;4;1
547;5;1
548;6;1
549;6;1
550;7;1
551;0;1
552;7;1
553;1;1
554;1;1
555;1;1
556;3;1
557;4;1
558;5;1
559;6;1
560;6;1
561;7;1
562;0;1
563;7;1
564;1;1
565;1;1
566;1;1
567;3;1
568;4;1
569;5;1
570;6;1
571;6;1
572;7;1
573;0;1
574;7;1
575;1;1
576;1;1
577;1;1
578;3;1
579;4;1
580;5;1
581;6;1
582;6;1
583;7;1
584;0;1
585;7;1
586;1;1
587;1;1
588;1;1
589;3;1
590;4;1
591;5;1
592;6;1
593;6;1
594;7;1
595;0;1
596;7;1
597;1;1
598;1;1
599;1;1
600;3;1
601;4;1
602;5;1
603;6;1
604;6;1
605;7;1
606;0;1
607;7;1
608;1;1
609;1;1
610;1;1
611;3;1
612;4;1
613;5;1
614;6;1
615;6;1
616;7;1
617;0;1
618;7;1
619;1;1
620;1;1
621;1;1
622;3;1
623;4;1
624;5;1
625;6;1
626;6;1
627;7;1
628;0;1
629;7;1
630;1;1
631;1;1
632;1;1
633;3;1
634;4;1
635;5;1
636;6;1
637;6;1
638;7;1
639;0;1
640;7;1
641;1;1
642;1;1
643;1;1
644;3;1
645;4;1
646;5;1
647;6;1
648;6;1
649;7;1
650;0;1
651;7;1
652;1;1
653;1;1
654;1;1
655;3;1
656;4;1
657;5;1
658;6;1
659;6;1
660;7;1
661;0;1
662;7;1
663;1;1
664;1;1
665;1;1
666;3;1
667;4;1
668;5;1
669;6;1
670;6;1
671;7;1
672;0;1
673;7;1
674;1;1
675;1;1
676;1;1
677;3;1
678;4;1
679;5;1
680;6;1
681;6;1
682;7;1
683;0;1
684;7;1
685;1;1
686;1;1
687;1;1
688;3;1
689;4;1
690;5;1
691;6;1
692;6;1
693;7;1
694;0;1
695;7;1
696;1;1
697;1;1
698;1;1
699;3;1
700;4;1
701;5;1
702;6;1
703;6;1
704;7;1
705;0;1
706;7;1
707;1;1
708;1;1
709;1;1
710;3;1
711;4;1
712;5;1
713;6;1
714;6;1
715;7;1
716;0;1
717;7;1
718;1;1
719;1;1
720;1;1
721;3;1
722;4;1
723;5;1
724;6;1
725;6;1
726;7;1
727;0;1
728;7;1
729;1;1
730;1;1
731;1;1
732;3;1
733;4;1
734;5;1
735;6;1
736;6;1
737;7;1
738;0;1
739;7;1
740;1;1
741;1;1
742;1;1
743;3;1
744;4;1
745;5;1
746;6;1
747;6;1
748;7;1
749;0;1
750;7;1
751;1;1
752;1;1
753;1;1
754;3;1
755;4;1
756;5;1
757;6;1
758;6;1
759;7;1
760;0;1
761;7;1
762;1;1
763;1;1
764;1;1
765;3;1
766;4;1
767;5;1
768;6;1
769;6;1
770;7;1
771;0;1
772;7;1
773;1;1
774;1;1
775;1;1
776;3;1
777;4;1
778;5;1
779;6;1
780;6;1
781;7;1
782;0;1
783;7;1
784;1;1
785;1;1
786;1;1
787;3;1
788;4;1
789;5;1
790;6;1
791;6;1
792;7;1
793;0;1
794;7;1
795;1;1
796;1;1
797;1;1
798;3;1
799;4;1
800;5;1
801;6;1
802;6;1
803;7;1
804;0;1
805;7;1
806;1;1
807;1;1
808;1;1
809;3;1
810;4;1
811;5;1
812;6;1
813;6;1
814;7;1
815;0;1
816;7;1
817;1;1
818;1;1
819;1;1
820;3;1
821;4;1
822;5;1
823;6;1
824;6;1
825;7;1
826;0;1
827;7;1
828;1;1
829;1;1
830;1;1
831;3;1
832;4;1
833;5;1
834;6;1
835;6;1
836;7;1
837;0;1
838;7;1
839;1;1
840;1;1
841;1;1
842;3;1
843;4;1
844;5;1
845;6;1
846;6;1
847;7;1
848;0;1
849;7;1
850;1;1
851;1;1
852;1;1
853;3;1
854;4;1
855;5;1
856;6;1
857;6;1
858;7;1
859;0;1
860;7;1
861;1;1
862;1;1
863;1;1
864;3;1
865;4;1
866;5;1
867;6;1
868;6;1
869;7;1
870;0;1
871;7;1
872;1;1
873;1;1
874;1;1
875;3;1
876;4;1
877;5;1
878;6;1
879;6;1
880;7;1
881;0;1
882;7;1
883;1;1
884;1;1
885;1;1
886;3;1
887;4;1
888;5;1
889;6;1
890;6;1
891;7;1
892;0;1
893;7;1
894;1;1
895;1;1
896;1;1
897;3;1
898;4;1
899;5;1
900;6;1
901;6;1
902;7;1
903;0;1
904;7;1
905;1;1
906;1;1
907;1;1
908;3;1
909;4;1
910;5;1
911;6;1
912;6;1
913;7;1
914;0;1
915;7;1
916;1;1
917;1;1
918;1;1
919;3;1
920;4;1
921;5;1
922;6;1
923;6;1
924;7;1
925;0;1
926;7;1
927;1;1
928;1;1
929;1;1
930;3;1
931;4;1
932;5;1
933;6;1
934;6;1
935;7;1
936;0;1
937;7;1
938;1;1
939;1;1
940;1;1
941;3;1
942;4;1
943;5;1
944;6;1
945;6;1
946;7;1
947;0;1
948;7;1
949;1;1
950;1;1
951;1;1
952;3;1
953;4;1
954;5;1
955;6;1
956;6;1
957;7;1
958;0;1
959;7;1
960;1;1
961;1;1
962;1;1
963;3;1
964;4;1
965;5;1
966;6;1
967;6;1
968;7;1
969;0;1
970;7;1
971;1;1
972;1;1
973;1;1
974;3;1
975;4;1
976;5;1
977;6;1
978;6;1
979;7;1
980;0;1
981;7;1
982;1;1
983;1;1
984;1;1
985;3;1
986;4;1
987;5;1
988;6;1
989;6;1
990;7;1
991;0;1
992;7;1
993;1;1
994;1;1
995;1;1
996;3;1
997;4;1
998;5;1
999;6;1
1000;6;1
1001;7;1
1002;0;1
1003;7;1
1004;1;1
1005;1;1
1006;1;1
1007;3;1
1008;4;1
1009;5;1
1010;6;1
1011;6;1
1012;7;1
1013;0;1
1014;7;1
1015;1;1
1016;1;1
1017;1;1
1018;3;1
1019;4;1
1020;5;1
1021;6;1
1022;6;1
1023;7;1
1024;0;1
1025;7;1
1026;1;1
1027;1;1
1028;1;1
1029;3;1
1030;4;1
1031;5;1
1032;6;1
1033;6;1
1034;7;1
1035;0;1
1036;7;1
1037;1;1
1038;1;1
1039;1;1
1040;3;1
1041;4;1
1042;5;1
1043;6;1
1044;6;1
1045;7;1
1046;0;1
1047;7;1
1048;1;1
1049;1;1
1050;1;1
1051;3;1
1052;4;1
1053;5;1
1054;6;1
1055;6;1
1056;7;1
1057;0;1
1058;7;1
1059;1;1
1060;1;1
1061;1;1
1062;3;1
1063;4;1
1064;5;1
1065;6;1
1066;6;1
1067;7;1
1068;0;1
1069;7;1
1070;1;1
1071;1;1
1072;1;1
1073;3;1
1074;4;1
1075;5;1
1076;6;1
1077;6;1
1078;7;1
1079;0;1
1080;7;1
1081;1;1
1082;1;1
1083;1;1
1084;3;1
1085;4;1
1086;5;1
1087;6;1
1088;6;1
1089;7;1
1090;0;1
1091;7;1
1092;1;1
1093;1;1
1094;1;1
1095;3;1
1096;4;1
1097;5;1
1098;6;1
1099;6;1
1100;7;1
1101;0;1
1102;7;1
1103;1;1
1104;1;1
1105;1;1
1106;3;1
1107;4;1
1108;5;1
1109;6;1
1110;6;1
1111;7;1
1112;0;1
1113;7;1
1114;1;1
1115;1;1
1116;1;1
1117;3;1
1118;4;1
1119;5;1
1120;6;1
1121;6;1
1122;7;1
1123;0;1
1124;7;1
1125;1;1
1126;1;1
1127;1;1
1128;3;1
1129;4;1
1130;5;1
1131;6;1
1132;6;1
1133;7;1
1134;0;1
1135;7;1
1136;1;1
1137;1;1
1138;1;1
1139;3;1
1140;4;1
1141;5;1
1142;6;1
1143;6;1
1144;7;1
1145;0;1
1146;7;1
1147;1;1
1148;1;1
1149;1;1
1150;3;1
1151;4;1
1152;5;1
1153;6;1
1154;6;1
1155;7;1
1156;0;1
1157;7;1
1158;1;1
1159;1;1
1160;1;1
1161;3;1
1162;4;1
1163;5;1
1164;6;1
1165;6;1
1166;7;1
1167;0;1
1168;7;1
1169;1;1
1170;1;1
1171;1;1
1172;3;1
1173;4;1
1174;5;1
1175;6;1
1176;6;1
1177;7;1
1178;0;1
1179;7;1
1180;1;1
1181;1;1
1182;1;1
1183;3;1
1184;4;1
1185;5;1
1186;6;1
1187;6;1
1188;7;1
1189;0;1
1190;7;1
1191;1;1
1192;1;1
1193;1;1
1194;3;1
1195;4;1
1196;5;1
1197;6;1
1198;6;1
1199;7;1
1200;0;1
1201;7;1
1202;1;1
1203;1;1
1204;1;1
1205;3;1
1206;4;1
1207;5;1
1208;6;1
1209;6;1
1210;7;1
1211;0;1
1212;7;1
1213;1;1
1214;1;1
1215;1;1
1216;3;1
1217;4;1
1218;5;1
1219;6;1
1220;6;1
1221;7;1
1222;0;1
1223;7;1
1224;1;1
1225;1;1
1226;1;1
1227;3;1
1228;4;1
1229;5;1
1230;6;1
1231;6;1
1232;7;1
1233;0;1
1234;7;1
1235;1;1
1236;1;1
1237;1;1
1238;3;1
1239;4;1
1240;5;1
1241;6;1
1242;6;1
1243;7;1
1244;0;1
1245;7;1
1246;1;1
1247;1;1
1248;1;1
1249;3;1
1250;4;1
1251;5;1
1252;6;1
1253;6;1
1254;7;1
1255;0;1
1256;7;1
1257;1;1
1258;1;1
1259;1;1
1260;3;1
1261;4;1
1262;5;1
1263;6;1
1264;6;1
1265;7;1
1266;0;1
1267;7;1
1268;1;1
1269;1;1
1270;1;1
1271;3;1
1272;4;1
1273;5;1
1274;6;1
1275;6;1
1276;7;1
1277;0;1
1278;7;1
1279;1;1
1280;1;1
1281;1;1
1282;3;1
1283;4;1
1284;5;1
1285;6;1
1286;6;1
1287;7;1
1288;0;1
1289;7;1
1290;1;1
1291;1;1
1292;1;1
1293;3;1
1294;4;1
1295;5;1
1296;6;1
1297;6;1
1298;7;1
1299;0;1
1300;7;1
1301;1;1
1302;1;1
1303;1;1
1304;3;1
1305;4;1
1306;5;1
1307;6;1
1308;6;1
1309;7;1
1310;0;1
1311;7;1
1312;1;1
1313;1;1
1314;1;1
1315;3;1
1316;4;1
1317;5;1
1318;6;1
1319;6;1
1320;7;1
1321;0;1
1322;7;1
1323;1;1
1324;1;1
1325;1;1
1326;3;1
1327;4;1
1328;5;1
1329;6;1
1330;6;1
1331;7;1
1332;0;1
1333;7;1
1334;1;1
1335;1;1
1336;1;1
1337;3;1
1338;4;1
1339;5;1
1340;6;1
1341;6;1
1342;7;1
1343;0;1
1344;7;1
1345;1;1
1346;1;1
1347;1;1
1348;3;1
1349;4;1
1350;5;1
1351;6;1
1352;6;1
1353;7;1
1354;0;1
1355;7;1
1356;1;1
1357;1;1
1358;1;1
1359;3;1
1360;4;1
1361;5;1
1362;6;1
1363;6;1
1364;7;1
1365;0;1
1366;7;1
1367;1;1
1368;1;1
1369;1;1
1370;3;1
1371;4;1
1372;5;1
1373;6;1
1374;6;1
1375;7;1
1376;0;1
1377;7;1
1378;1;1
1379;1;1
1380;1;1
1381;3;1
1382;4;1
1383;5;1
1384;6;1
1385;6;1
1386;7;1
1387;0;1
1388;7;1
1389;1;1
1390;1;1
1391;1;1
1392;3;1
1393;4;1
1394;5;1
1395;6;1
1396;6;1
1397;7;1
1398;0;1
1399;7;1
1400;1;1
1401;1;1
1402;1;1
1403;3;1
1404;4;1
1405;5;1
1406;6;1
1407;6;1
1408;7;1
1409;0;1
1410;7;1
1411;1;1
1412;1;1
1413;1;1
1414;3;1
1415;4;1
1416;5;1
1417;6;1
1418;6;1
1419;7;1
1420;0;1
1421;7;1
1422;1;1
1423;1;1
1424;1;1
1425;3;1
1426;4;1
1427;5;1
1428;6;1
1429;6;1
1430;7;1
1431;0;1
1432;7;1
1433;1;1
1434;1;1
1435;1;1
1436;3;1
1437;4;1
1438;5;1
1439;6;1
1440;6;1
1441;7;1
1442;0;1
1443;7;1
1444;1;1
1445;1;1
1446;1;1
1447;3;1
1448;4;1
1449;5;1
1450;6;1
1451;6;1
1452;7;1
1453;0;1
1454;7;1
1455;1;1
1456;1;1
1457;1;1
1458;3;1
1459;4;1
1460;5;1
1461;6;1
1462;6;1
1463;7;1
1464;0;1
1465;7;1
1466;1;1
1467;1;1
1468;1;1
1469;3;1
1470;4;1
1471;5;1
1472;6;1
1473;6;1
1474;7;1
1475;0;1
1476;7;1
1477;1;1
1478;1;1
1479;1;1
1480;3;1
1481;4;1
1482;5;1
1483;6;1
1484;6;1
1485;7;1
1486;0;1
1487;7;1
1488;1;1
1489;1;1
1490;1;1
1491;3;1
1492;4;1
1493;5;1
1494;6;1
1495;6;1
1496;7;1
1497;0;1
1498;7;1
1499;1;1
1500;1;1
1501;1;1
1502;3;1
1503;4;1
1504;5;1
1505;6;1
1506;6;1
1507;7;1
1508;0;1
1509;7;1
1510;1;1
1511;1;1
1512;1;1
1513;3;1
1514;4;1
1515;5;1
1516;6;1
1517;6;1
1518;7;1
1519;0;1
1520;7;1
1521;1;1
1522;1;1
1523;1;1
1524;3;1
1525;4;1
1526;5;1
1527;6;1
1528;6;1
1529;7;1
1530;0;1
1531;7;1
1532;1;1
1533;1;1
1534;1;1
1535;3;1
1536;4;1
1537;5;1
1538;6;1
1539;6;1
1540;7;1
1541;0;1
1542;7;1
1543;1;1
1544;1;1
1545;1;1
1546;3;1
1547;4;1
1548;5;1
1549;6;1
1550;6;1
1551;7;1
1552;0;1
1553;7;1
1554;1;1
1555;1;1
1556;1;1
1557;3;1
1558;4;1
1559;5;1
1560;6;1
1561;6;1
1562;7;1
1563;0;1
1564;7;1
1565;1;1
1566;1;1
1567;1;1
1568;3;1
1569;4;1
1570;5;1
1571;6;1
1572;6;1
1573;7;1
1574;0;1
1575;7;1
1576;1;1
1577;1;1
1578;1;1
1579;3;1
1580;4;1
1581;5;1
1582;6;1
1583;6;1
1584;7;1
1585;0;1
1586;7;1
1587;1;1
1588;1;1
1589;1;1
1590;3;1
1591;4;1
1592;5;1
1593;6;1
1594;6;1
1595;7;1
1596;0;1
1597;7;1
1598;1;1
1599;1;1
1600;1;1
1601;3;1
1602;4;1
1603;5;1
1604;6;1
1605;6;1
1606;7;1
1607;0;1
1608;7;1
1609;1;1
1610;1;1
1611;1;1
1612;3;1
1613;4;1
1614;5;1
1615;6;1
1616;6;1
1617;7;1
1618;0;1
1619;7;1
1620;1;1
1621;1;1
1622;1;1
1623;3;1
1624;4;1
1625;5;1
1626;6;1
1627;6;1
1628;7;1
1629;0;1
1630;7;1
1631;1;1
1632;1;1
1633;1;1
1634;3;1
1635;4;1
1636;5;1
1637;6;1
1638;6;1
1639;7;1
1640;0;1
1641;7;1
1642;1;1
1643;1;1
1644;1;1
1645;3;1
1646;4;1
1647;5;1
1648;6;1
1649;6;1
1650;7;1
1651;0;1
1652;7;1
1653;1;1
1654;1;1
1655;1;1
1656;3;1
1657;4;1
1658;5;1
1659;6;1
1660;6;1
1661;7;1
1662;0;1
1663;7;1
1664;1;1
1665;1;1
1666;1;1
1667;3;1
1668;4;1
1669;5;1
1670;6;1
1671;6;1
1672;7;1
1673;0;1
1674;7;1
1675;1;1
1676;1;1
1677;1;1
1678;3;1
1679;4;1
1680;5;1
1681;6;1
1682;6;1
1683;7;1
1684;0;1
1685;7;1
1686;1;1
1687;1;1
1688;1;1
1689;3;1
1690;4;1
1691;5;1
1692;6;1
1693;6;1
1694;7;1
1695;0;1
1696;7;1
1697;1;1
1698;1;1
1699;1;1
1700;3;1
1701;4;1
1702;5;1
1703;6;1
1704;6;1
1705;7;1
1706;0;1
1707;7;1
1708;1;1
1709;1;1
1710;1;1
1711;3;1
1712;4;1
1713;5;1
1714;6;1
1715;6;1
1716;7;1
1717;0;1
1718;7;1
1719;1;1
1720;1;1
1721;1;1
1722;3;1
1723;4;1
1724;5;1
1725;6;1
1726;6;1
1727;7;1
1728;0;1
1729;7;1
1730;1;1
1731;1;1
1732;1;1
1733;3;1
1734;4;1
1735;5;1
1736;6;1
1737;6;1
1738;7;1
1739;0;1
1740;7;1
1741;1;1
1742;1;1
1743;1;1
1744;3;1
1745;4;1
1746;5;1
1747;6;1
1748;6;1
1749;7;1
1750;0;1
1751;7;1
1752;1;1
1753;1;1
1754;1;1
1755;3;1
1756;4;1
1757;5;1
1758;6;1
1759;6;1
1760;7;1
1761;0;1
1762;7;1
1763;1;1
1764;1;1
1765;1;1
1766;3;1
1767;4;1
1768;5;1
1769;6;1
1770;6;1
1771;7;1
1772;0;1
1773;7;1
1774;1;1
1775;1;1
1776;1;1
1777;3;1
1778;4;1
1779;5;1
1780;6;1
1781;6;1
1782;7;1
1783;0;1
1784;7;1
1785;1;1
1786;1;1
1787;1;1
1788;3;1
1789;4;1
1790;5;1
1791;6;1
1792;6;1
1793;7;1
1794;0;1
1795;7;1
1796;1;1
1797;1;1
1798;1;1
1799;3;1
1800;4;1
1801;5;1
1802;6;1
1803;6;1
1804;7;1
1805;0;1
1806;7;1
1807;1;1
1808;1;1
1809;1;1
1810;3;1
1811;4;1
1812;5;1
1813;6;1
1814;6;1
1815;7;1
1816;0;1
1817;7;1
1818;1;1
1819;1;1
1820;1;1
1821;3;1
1822;4;1
1823;5;1
1824;6;1
1825;6;1
1826;7;1
1827;0;1
1828;7;1
1829;1;1
1830;1;1
1831;1;1
1832;3;1
1833;4;1
1834;5;1
1835;6;1
1836;6;1
1837;7;1
1838;0;1
1839;7;1
1840;1;1
1841;1;1
1842;1;1
1843;3;1
1844;4;1
1845;5;1
1846;6;1
1847;6;1
1848;7;1
1849;0;1
1850;7;1
1851;1;1
1852;1;1
1853;1;1
1854;3;1
1855;4;1
1856;5;1
1857;6;1
1858;6;1
1859;7;1
1860;0;1
1861;7;1
1862;1;1
1863;1;1
1864;1;1
1865;3;1
1866;4;1
1867;5;1
1868;6;1
1869;6;1
1870;7;1
1871;0;1
1872;7;1
1873;1;1
1874;1;1
1875;1;1
1876;3;1
1877;4;1
1878;5;1
1879;6;1
1880;6;1
1881;7;1
1882;0;1
1883;7;1
1884;1;1
1885;1;1
1886;1;1
1887;3;1
1888;4;1
1889;5;1
1890;6;1
1891;6;1
1892;7;1
1893;0;1
1894;7;1
1895;1;1
1896;1;1
1897;1;1
1898;3;1
1899;4;1
1900;5;1
1901;6;1
1902;6;1
1903;7;1
1904;0;1
1905;7;1
1906;1;1
1907;1;1
1908;1;1
1909;3;1
1910;4;1
1911;5;1
1912;6;1
1913;6;1
1914;7;1
1915;0;1
1916;7;1
1917;1;1
1918;1;1
1919;1;1
1920;3;1
1921;4;1
1922;5;1
1923;6;1
1924;6;1
1925;7;1
1926;0;1
1927;7;1
1928;1;1
1929;1;1
1930;1;1
1931;3;1
1932;4;1
1933;5;1
1934;6;1
1935;6;1
1936;7;1
1937;0;1
1938;7;1
1939;1;1
1940;1;1
1941;1;1
1942;3;1
1943;4;1
1944;5;1
1945;6;1
1946;6;1
1947;7;1
1948;0;1
1949;7;1
1950;1;1
1951;1;1
1952;1;1
1953;3;1
1954;4;1
1955;5;1
1956;6;1
1957;6;1
1958;7;1
1959;0;1
1960;7;1
1961;1;1
1962;1;1
1963;1;1
1964;3;1
1965;4;1
1966;5;1
1967;6;1
1968;6;1
1969;7;1
1970;0;1
1971;7;1
1972;1;1
1973;1;1
1974;1;1
1975;3;1
1976;4;1
1977;5;1
1978;6;1
1979;6;1
1980;7;1
1981;0;1
1982;7;1
1983;1;1
1984;1;1
1985;1;1
1986;3;1
1987;4;1
1988;5;1
1989;6;1
1990;6;1
1991;7;1
1992;0;1
1993;7;1
1994;1;1
1995;1;1
1996;1;1
1997;3;1
1998;4;1
1999;5;1
2000;6;1
2001;6;1
2002;7;1
2003;0;1
2004;7;1
2005;1;1
2006;1;1
2007;1;1
2008;3;1
2009;4;1
2010;5;1
2011;6;1
2012;6;1
2013;7;1
2014;0;1
2015;7;1
2016;1;1
2017;1;1
2018;1;1
2019;3;1
2020;4;1
2021;5;1
2022;6;1
2023;6;1
2024;7;1
2025;0;1
2026;7;1
2027;1;1
2028;1;1
2029;1;1
2030;3;1
2031;4;1
2032;5;1
2033;6;1
2034;6;1
2035;7;1
2036;0;1
2037;7;1
2038;1;1
2039;1;1
2040;1;1
2041;3;1
2042;4;1
2043;5;1
2044;6;1
2045;6;1
2046;7;1
2047;0;1
2048;7;1
2049;1;1
2050;1;1
2051;1;1
2052;3;1
2053;4;1
2054;5;1
2055;6;1
2056;6;1
2057;7;1
2058;0;1
2059;7;1
2060;1;1
2061;1;1
2062;1;1
2063;3;1
2064;4;1
2065;5;1
2066;6;1
2067;6;1
2068;7;1
2069;0;1
2070;7;1
2071;1;1
2072;1;1
2073;1;1
2074;3;1
2075;4;1
2076;5;1
2077;6;1
2078;6;1
2079;7;1
2080;0;1
2081;7;1
2082;1;1
2083;1;1
2084;1;1
2085;3;1
2086;4;1
2087;5;1
2088;6;1
2089;6;1
2090;7;1
2091;0;1
2092;7;1
2093;1;1
2094;1;1
2095;1;1
2096;3;1
2097;4;1
2098;5;1
2099;6;1
2100;6;1
2101;7;1
2102;0;1
2103;7;1
2104;1;1
2105;1;1
2106;1;1
2107;3;1
2108;4;1
2109;5;1
2110;6;1
2111;6;1
2112;7;1
2113;0;1
2114;7;1
2115;1;1
2116;1;1
2117;1;1
2118;3;1
2119;4;1
2120;5;1
2121;6;1
2122;6;1
2123;7;1
2124;0;1
2125;7;1
2126;1;1
2127;1;1
2128;1;1
2129;3;1
2130;4;1
2131;5;1
2132;6;1
2133;6;1
2134;7;1
2135;0;1
2136;7;1
2137;1;1
2138;1;1
2139;1;1
2140;3;1
2141;4;1
2142;5;1
2143;6;1
2144;6;1
2145;7;1
2146;0;1
2147;7;1
2148;1;1
2149;1;1
2150;1;1
2151;3;1
2152;4;1
2153;5;1
2154;6;1
2155;6;1
2156;7;1
2157;0;1
2158;7;1
2159;1;1
2160;1;1
2161;1;1
2162;3;1
2163;4;1
2164;5;1
2165;6;1
2166;6;1
2167;7;1
2168;0;1
2169;7;1
2170;1;1
2171;1;1
2172;1;1
2173;3;1
2174;4;1
2175;5;1
2176;6;1
2177;6;1
2178;7;1
2179;0;1
2180;7;1
2181;1;1
2182;1;1
2183;1;1
2184;3;1
2185;4;1
2186;5;1
2187;6;1
2188;6;1
2189;7;1
2190;0;1
2191;7;1
2192;1;1
2193;1;1
2194;1;1
2195;3;1
2196;4;1
2197;5;1
2198;6;1
2199;6;1
2200;7;1
2201;0;1
2202;7;1
2203;1;1
2204;1;1
2205;1;1
2206;3;1
2207;4;1
2208;5;1
2209;6;1
2210;6;1
2211;7;1
2212;0;1
2213;7;1
2214;1;1
2215;1;1
2216;1;1
2217;3;1
2218;4;1
2219;5;1
2220;6;1
2221;6;1
2222;7;1
2223;0;1
2224;7;1
2225;1;1
2226;1;1
2227;1;1
2228;3;1
2229;4;1
2230;5;1
2231;6;1
2232;6;1
2233;7;1
2234;0;1
2235;7;1
2236;1;1
2237;1;1
2238;1;1
2239;3;1
2240;4;1
2241;5;1
2242;6;1
2243;6;1
2244;7;1
2245;0;1
2246;7;1
2247;1;1
2248;1;1
2249;1;1
2250;3;1
2251;4;1
2252;5;1
2253;6;1
2254;6;1
2255;7;1
2256;0;1
2257;7;1
2258;1;1
2259;1;1
2260;1;1
2261;3;1
2262;4;1
2263;5;1
2264;6;1
2265;6;1
2266;7;1
2267;0;1
2268;7;1
2269;1;1
2270;1;1
2271;1;1
2272;3;1
2273;4;1
2274;5;1
2275;6;1
2276;6;1
2277;7;1
2278;0;1
2279;7;1
2280;1;1
2281;1;1
2282;1;1
2283;3;1
2284;4;1
2285;5;1
2286;6;1
2287;6;1
2288;7;1
2289;0;1
2290;7;1
2291;1;1
2292;1;1
2293;1;1
2294;3;1
2295;4;1
2296;5;1
2297;6;1
2298;6;1
2299;7;1
2300;0;1
2301;7;1
2302;1;1
2303;1;1
2304;1;1
2305;3;1
2306;4;1
2307;5;1
2308;6;1
2309;6;1
2310;7;1
2311;0;1
2312;7;1
2313;1;1
2314;1;1
2315;1;1
2316;3;1
2317;4;1
2318;5;1
2319;6;1
2320;6;1
2321;7;1
2322;0;1
2323;7;1
2324;1;1
2325;1;1
2326;1;1
2327;3;1
2328;4;1
2329;5;1
2330;6;1
2331;6;1
2332;7;1
2333;0;1
2334;7;1
2335;1;1
2336;1;1
2337;1;1
2338;3;1
2339;4;1
2340;5;1
2341;6;1
2342;6;1
2343;7;1
2344;0;1
2345;7;1
2346;1;1
2347;1;1
2348;1;1
2349;3;1
2350;4;1
2351;5;1
2352;6;1
2353;6;1
2354;7;1
2355;0;1
2356;7;1
2357;1;1
2358;1;1
2359;1;1
2360;3;1
2361;4;1
2362;5;1
2363;6;1
2364;6;1
2365;7;1
2366;0;1
2367;7;1
2368;1;1
2369;1;1
2370;1;1
2371;3;1
2372;4;1
2373;5;1
2374;6;1
2375;6;1
2376;7;1
2377;0;1
2378;7;1
2379;1;1
2380;1;1
2381;1;1
2382;3;1
2383;4;1
2384;5;1
2385;6;1
2386;6;1
2387;7;1
2388;0;1
2389;7;1
2390;1;1
2391;1;1
2392;1;1
2393;3;1
2394;4;1
2395;5;1
2396;6;1
2397;6;1
2398;7;1
2399;0;1
2400;7;1
2401;1;1
2402;1;1
2403;1;1
2404;3;1
2405;4;1
2406;5;1
2407;6;1
2408;6;1
2409;7;1
2410;0;1
2411;7;1
2412;1;1
2413;1;1
2414;1;1
2415;3;1
2416;4;1
2417;5;1
2418;6;1
2419;6;1
2420;7;1
2421;0;1
2422;7;1
2423;1;1
2424;1;1
2425;1;1
2426;3;1
2427;4;1
2428;5;1
2429;6;1
2430;6;1
2431;7;1
2432;0;1
2433;7;1
2434;1;1
2435;1;1
2436;1;1
2437;3;1
2438;4;1
2439;5;1
2440;6;1
2441;6;1
2442;7;1
2443;0;1
2444;7;1
2445;1;1
2446;1;1
2447;1;1
2448;3;1
2449;4;1
2450;5;1
2451;6;1
2452;6;1
2453;7;1
2454;0;1
2455;7;1
2456;1;1
2457;1;1
2458;1;1
2459;3;1
2460;4;1
2461;5;1
2462;6;1
2463;6;1
2464;7;1
2465;0;1
2466;7;1
2467;1;1
2468;1;1
2469;1;1
2470;3;1
2471;4;1
2472;5;1
2473;6;1
2474;6;1
2475;7;1
2476;0;1
2477;7;1
2478;1;1
2479;1;1
2480;1;1
2481;3;1
2482;4;1
2483;5;1
2484;6;1
2485;6;1
2486;7;1
2487;0;1
2488;7;1
2489;1;1
2490;1;1
2491;1;1
2492;3;1
2493;4;1
2494;5;1
2495;6;1
2496;6;1
2497;7;1
2498;0;1
2499;7;1
2500;1;1
2501;1;1
2502;1;1
2503;3;1
2504;4;1
2505;5;1
2506;6;1
2507;6;1
2508;7;1
2509;0;1
2510;7;1
2511;1;1
2512;1;1
2513;1;1
2514;3;1
2515;4;1
2516;5;1
2517;6;1
2518;6;1
2519;7;1
2520;0;1
2521;7;1
2522;1;1
2523;1;1
2524;1;1
2525;3;1
2526;4;1
2527;5;1
2528;6;1
2529;6;1
2530;7;1
2531;0;1
2532;7;1
2533;1;1
2534;1;1
2535;1;1
2536;3;1
2537;4;1
2538;5;1
2539;6;1
2540;6;1
2541;7;1
2542;0;1
2543;7;1
2544;1;1
2545;1;1
2546;1;1
2547;3;1
2548;4;1
2549;5;1
2550;6;1
2551;6;1
2552;7;1
2553;0;1
2554;7;1
2555;1;1
2556;1;1
2557;1;1
2558;3;1
2559;4;1
2560;5;1
2561;6;1
2562;6;1
2563;7;1
2564;0;1
2565;7;1
2566;1;1
2567;1;1
2568;1;1
2569;3;1
2570;4;1
2571;5;1
2572;6;1
2573;6;1
2574;7;1
2575;0;1
2576;7;1
2577;1;1
2578;1;1
2579;1;1
2580;3;1
2581;4;1
2582;5;1
2583;6;1
2584;6;1
2585;7;1
2586;0;1
2587;7;1
2588;1;1
2589;1;1
2590;1;1
2591;3;1
2592;4;1
2593;5;1
2594;6;1
2595;6;1
2596;7;1
2597;0;1
2598;7;1
2599;1;1
2600;1;1
2601;1;1
2602;3;1
2603;4;1
2604;5;1
2605;6;1
2606;6;1
2607;7;1
2608;0;1
2609;7;1
2610;1;1
2611;1;1
2612;1;1
2613;3;1
2614;4;1
2615;5;1
2616;6;1
2617;6;1
2618;7;1
2619;0;1
2620;7;1
2621;1;1
2622;1;1
2623;1;1
2624;3;1
2625;4;1
2626;5;1
2627;6;1
2628;6;1
2629;7;1
2630;0;1
2631;7;1
2632;1;1
2633;1;1
2634;1;1
2635;3;1
2636;4;1
2637;5;1
2638;6;1
2639;6;1
2640;7;1
2641;0;1
2642;7;1
2643;1;1
2644;1;1
2645;1;1
2646;3;1
2647;4;1
2648;5;1
2649;6;1
2650;6;1
2651;7;1
2652;0;1
2653;7;1
2654;1;1
2655;1;1
2656;1;1
2657;3;1
2658;4;1
2659;5;1
2660;6;1
2661;6;1
2662;7;1
2663;0;1
2664;7;1
2665;1;1
2666;1;1
2667;1;1
2668;3;1
2669;4;1
2670;5;1
2671;6;1
2672;6;1
2673;7;1
2674;0;1
2675;7;1
2676;1;1
2677;1;1
2678;1;1
2679;3;1
2680;4;1
2681;5;1
2682;6;1
2683;6;1
2684;7;1
2685;0;1
2686;7;1
2687;1;1
2688;1;1
2689;1;1
2690;3;1
2691;4;1
2692;5;1
2693;6;1
2694;6;1
2695;7;1
2696;0;1
2697;7;1
2698;1;1
2699;1;1
2700;1;1
2701;3;1
2702;4;1
2703;5;1
2704;6;1
2705;6;1
2706;7;1
2707;0;1
2708;7;1
2709;1;1
2710;1;1
2711;1;1
2712;3;1
2713;4;1
2714;5;1
2715;6;1
2716;6;1
2717;7;1
2718;0;1
2719;7;1
2720;1;1
2721;1;1
2722;1;1
2723;3;1
2724;4;1
2725;5;1
2726;6;1
2727;6;1
2728;7;1
2729;0;1
2730;7;1
2731;1;1
2732;1;1
2733;1;1
2734;3;1
2735;4;1
2736;5;1
2737;6;1
2738;6;1
2739;7;1
2740;0;1
2741;7;1
2742;1;1
2743;1;1
2744;1;1
2745;3;1
2746;4;1
2747;5;1
2748;6;1
2749;6;1
2750;7;1
2751;0;1
2752;7;1
2753;1;1
2754;1;1
2755;1;1
2756;3;1
2757;4;1
2758;5;1
2759;6;1
2760;6;1
2761;7;1
2762;0;1
2763;7;1
2764;1;1
2765;1;1
2766;1;1
2767;3;1
2768;4;1
2769;5;1
2770;6;1
2771;6;1
2772;7;1
2773;0;1
2774;7;1
2775;1;1
2776;1;1
2777;1;1
2778;3;1
2779;4;1
2780;5;1
2781;6;1
2782;6;1
2783;7;1
2784;0;1
2785;7;1
2786;1;1
2787;1;1
2788;1;1
2789;3;1
2790;4;1
2791;5;1
2792;6;1
2793;6;1
2794;7;1
2795;0;1
2796;7;1
2797;1;1
2798;1;1
2799;1;1
2800;3;1
2801;4;1
2802;5;1
2803;6;1
2804;6;1
2805;7;1
2806;0;1
2807;7;1
2808;1;1
2809;1;1
2810;1;1
2811;3;1
2812;4;1
2813;5;1
2814;6;1
2815;6;1
2816;7;1
2817;0;1
2818;7;1
2819;1;1
2820;1;1
2821;1;1
2822;3;1
2823;4;1
2824;5;1
2825;6;1
2826;6;1
2827;7;1
2828;0;1
2829;7;1
2830;1;1
2831;1;1
2832;1;1
2833;3;1
2834;4;1
2835;5;1
2836;6;1
2837;6;1
2838;7;1
2839;0;1
2840;7;1
2841;1;1
2842;1;1
2843;1;1
2844;3;1
2845;4;1
2846;5;1
2847;6;1
2848;6;1
2849;7;1
2850;0;1
2851;7;1
2852;1;1
2853;1;1
2854;1;1
2855;3;1
2856;4;1
2857;5;1
2858;6;1
2859;6;1
2860;7;1
2861;0;1
2862;7;1
2863;1;1
2864;1;1
2865;1;1
2866;3;1
2867;4;1
2868;5;1
2869;6;1
2870;6;1
2871;7;1
2872;0;1
2873;7;1
2874;1;1
2875;1;1
2876;1;1
2877;3;1
2878;4;1
2879;5;1
2880;6;1
2881;6;1
2882;7;1
2883;0;1
2884;7;1
2885;1;1
2886;1;1
2887;1;1
2888;3;1
2889;4;1
2890;5;1
2891;6;1
2892;6;1
2893;7;1
2894;0;1
2895;7;1
2896;1;1
2897;1;1
2898;1;1
2899;3;1
2900;4;1
2901;5;1
2902;6;1
2903;6;1
2904;7;1
2905;0;1
2906;7;1
2907;1;1
2908;1;1
2909;1;1
2910;3;1
2911;4;1
2912;5;1
2913;6;1
2914;6;1
2915;7;1
2916;0;1
2917;7;1
2918;1;1
2919;1;1
2920;1;1
2921;3;1
2922;4;1
2923;5;1
2924;6;1
2925;6;1
2926;7;1
2927;0;1
2928;7;1
2929;1;1
2930;1;1
2931;1;1
2932;3;1
2933;4;1
2934;5;1
2935;6;1
2936;6;1
2937;7;1
2938;0;1
2939;7;1
2940;1;1
2941;1;1
2942;1;1
2943;3;1
2944;4;1
2945;5;1
2946;6;1
2947;6;1
2948;7;1
2949;0;1
2950;7;1
2951;1;1
2952;1;1
2953;1;1
2954;3;1
2955;4;1
2956;5;1
2957;6;1
2958;6;1
2959;7;1
2960;0;1
2961;7;1
2962;1;1
2963;1;1
2964;1;1
2965;3;1
2966;4;1
2967;5;1
2968;6;1
2969;6;1
2970;7;1
2971;0;1
2972;7;1
2973;1;1
2974;1;1
2975;1;1
2976;3;1
2977;4;1
2978;5;1
2979;6;1
2980;6;1
2981;7;1
2982;0;1
2983;7;1
2984;1;1
2985;1;1
2986;1;1
2987;3;1
2988;4;1
2989;5;1
2990;6;1
2991;6;1
2992;7;1
2993;0;1
2994;7;1
2995;1;1
2996;1;1
2997;1;1
2998;3;1
2999;4;1
3000;5;1
3001;6;1
3002;6;1
3003;7;1
3004;0;1
3005;7;1
3006;1;1
3007;1;1
3008;1;1
3009;3;1
3010;4;1
3011;5;1
3012;6;1
3013;6;1
3014;7;1
3015;0;1
3016;7;1
3017;1;1
3018;1;1
3019;1;1
3020;3;1
3021;4;1
3022;5;1
3023;6;1
3024;6;1
3025;7;1
3026;0;1
3027;7;1
3028;1;1
3029;1;1
3030;1;1
3031;3;1
3032;4;1
3033;5;1
3034;6;1
3035;6;1
3036;7;1
3037;0;1
3038;7;1
3039;1;1
3040;1;1
3041;1;1
3042;3;1
3043;4;1
3044;5;1
3045;6;1
3046;6;1
3047;7;1
3048;0;1
3049;7;1
3050;1;1
3051;1;1
3052;1;1
3053;3;1
3054;4;1
3055;5;1
3056;6;1
3057;6;1
3058;7;1
3059;0;1
3060;7;1
3061;1;1
3062;1;1
3063;1;1
3064;3;1
3065;4;1
3066;5;1
3067;6;1
3068;6;1
3069;7;1
3070;0;1
3071;7;1
3072;1;1
3073;1;1
3074;1;1
3075;3;1
3076;4;1
3077;5;1
3078;6;1
3079;6;1
3080;7;1
3081;0;1
3082;7;1
3083;1;1
3084;1;1
3085;1;1
3086;3;1
3087;4;1
3088;5;1
3089;6;1
3090;6;1
3091;7;1
3092;0;1
3093;7;1
3094;1;1
3095;1;1
3096;1;1
3097;3;1
3098;4;1
3099;5;1
3100;6;1
3101;6;1
3102;7;1
3103;0;1
3104;7;1
3105;1;1
3106;1;1
3107;1;1
3108;3;1
3109;4;1
3110;5;1
3111;6;1
3112;6;1
3113;7;1
3114;0;1
3115;7;1
3116;1;1
3117;1;1
3118;1;1
3119;3;1
3120;4;1
3121;5;1
3122;6;1
3123;6;1
3124;7;1
3125;0;1
3126;7;1
3127;1;1
3128;1;1
3129;1;1
3130;3;1
3131;4;1
3132;5;1
3133;6;1
3134;6;1
3135;7;1
3136;0;1
3137;7;1
3138;1;1
3139;1;1
3140;1;1
3141;3;1
3142;4;1
3143;5;1
3144;6;1
3145;6;1
3146;7;1
3147;0;1
3148;7;1
3149;1;1
3150;1;1
3151;1;1
3152;3;1
3153;4;1
3154;5;1
3155;6;1
3156;6;1
3157;7;1
3158;0;1
3159;7;1
3160;1;1
3161;1;1
3162;1;1
3163;3;1
3164;4;1
3165;5;1
3166;6;1
3167;6;1
3168;7;1
3169;0;1
3170;7;1
3171;1;1
3172;1;1
3173;1;1
3174;3;1
3175;4;1
3176;5;1
3177;6;1
3178;6;1
3179;7;1
3180;0;1
3181;7;1
3182;1;1
3183;1;1
3184;1;1
3185;3;1
3186;4;1
3187;5;1
3188;6;1
3189;6;1
3190;7;1
3191;0;1
3192;7;1
3193;1;1
3194;1;1
3195;1;1
3196;3;1
3197;4;1
3198;5;1
3199;6;1
3200;6;1
3201;7;1
3202;0;1
3203;7;1
3204;1;1
3205;1;1
3206;1;1
3207;3;1
3208;4;1
3209;5;1
3210;6;1
3211;6;1
3212;7;1
3213;0;1
3214;7;1
3215;1;1
3216;1;1
3217;1;1
3218;3;1
3219;4;1
3220;5;1
3221;6;1
3222;6;1
3223;7;1
3224;0;1
3225;7;1
3226;1;1
3227;1;1
3228;1;1
3229;3;1
3230;4;1
3231;5;1
3232;6;1
3233;6;1
3234;7;1
3235;0;1
3236;7;1
3237;1;1
3238;1;1
3239;1;1
3240;3;1
3241;4;1
3242;5;1
3243;6;1
3244;6;1
3245;7;1
3246;0;1
3247;7;1
3248;1;1
3249;1;1
3250;1;1
3251;3;1
3252;4;1
3253;5;1
3254;6;1
3255;6;1
3256;7;1
3257;0;1
3258;7;1
3259;1;1
3260;1;1
3261;1;1
3262;3;1
3263;4;1
3264;5;1
3265;6;1
3266;6;1
3267;7;1
3268;0;1
3269;7;1
3270;1;1
3271;1;1
3272;1;1
3273;3;1
3274;4;1
3275;5;1
3276;6;1
3277;6;1
3278;7;1
3279;0;1
3280;7;1
3281;1;1
3282;1;1
3283;1;1
3284;3;1
3285;4;1
3286;5;1
3287;6;1
3288;6;1
3289;7;1
3290;0;1
3291;7;1
3292;1;1
3293;1;1
3294;1;1
3295;3;1
3296;4;1
3297;5;1
3298;6;1
3299;6;1
3300;7;1
3301;0;1
3302;7;1
3303;1;1
3304;1;1
3305;1;1
3306;3;1
3307;4;1
3308;5;1
3309;6;1
3310;6;1
3311;7;1
3312;0;1
3313;7;1
3314;1;1
3315;1;1
3316;1;1
3317;3;1
3318;4;1
3319;5;1
3320;6;1
3321;6;1
3322;7;1
3323;0;1
3324;7;1
3325;1;1
3326;1;1
3327;1;1
3328;3;1
3329;4;1
3330;5;1
3331;6;1
3332;6;1
3333;7;1
3334;0;1
3335;7;1
3336;1;1
3337;1;1
3338;1;1
3339;3;1
3340;4;1
3341;5;1
3342;6;1
3343;6;1
3344;7;1
3345;0;1
3346;7;1
3347;1;1
3348;1;1
3349;1;1
3350;3;1
3351;4;1
3352;5;1
3353;6;1
3354;6;1
3355;7;1
3356;0;1
3357;7;1
3358;1;1
3359;1;1
3360;1;1
3361;3;1
3362;4;1
3363;5;1
3364;6;1
3365;6;1
3366;7;1
3367;0;1
3368;7;1
3369;1;1
3370;1;1
3371;1;1
3372;3;1
3373;4;1
3374;5;1
3375;6;1
3376;6;1
3377;7;1
3378;0;1
3379;7;1
3380;1;1
3381;1;1
3382;1;1
3383;3;1
3384;4;1
3385;5;1
3386;6;1
3387;6;1
3388;7;1
3389;0;1
3390;7;1
3391;1;1
3392;1;1
3393;1;1
3394;3;1
3395;4;1
3396;5;1
3397;6;1
3398;6;1
3399;7;1
3400;0;1
3401;7;1
3402;1;1
3403;1;1
3404;1;1
3405;3;1
3406;4;1
3407;5;1
3408;6;1
3409;6;1
3410;7;1
3411;0;1
3412;7;1
3413;1;1
3414;1;1
3415;1;1
3416;3;1
3417;4;1
3418;5;1
3419;6;1
3420;6;1
3421;7;1
3422;0;1
3423;7;1
3424;1;1
3425;1;1
3426;1;1
3427;3;1
3428;4;1
3429;5;1
3430;6;1
3431;6;1
3432;7;1
3433;0;1
3434;7;1
3435;1;1
3436;1;1
3437;1;1
3438;3;1
3439;4;1
3440;5;1
3441;6;1
3442;6;1
3443;7;1
3444;0;1
3445;7;1
3446;1;1
3447;1;1
3448;1;1
3449;3;1
3450;4;1
3451;5;1
3452;6;1
3453;6;1
3454;7;1
3455;0;1
3456;7;1
3457;1;1
3458;1;1
3459;1;1
3460;3;1
3461;4;1
3462;5;1
3463;6;1
3464;6;1
3465;7;1
3466;0;1
3467;7;1
3468;1;1
3469;1;1
3470;1;1
3471;3;1
3472;4;1
3473;5;1
3474;6;1
3475;6;1
3476;7;1
3477;0;1
3478;7;1
3479;1;1
3480;1;1
3481;1;1
3482;3;1
3483;4;1
3484;5;1
3485;6;1
3486;6;1
3487;7;1
3488;0;1
3489;7;1
3490;1;1
3491;1;1
3492;1;1
3493;3;1
3494;4;1
3495;5;1
3496;6;1
3497;6;1
3498;7;1
3499;0;1
3500;7;1
3501;1;1
3502;1;1
3503;1;1
3504;3;1
3505;4;1
3506;5;1
3507;6;1
3508;6;1
3509;7;1
3510;0;1
3511;7;1
3512;1;1
3513;1;1
3514;1;1
3515;3;1
3516;4;1
3517;5;1
3518;6;1
3519;6;1
3520;7;1
3521;0;1
3522;7;1
3523;1;1
3524;1;1
3525;1;1
3526;3;1
3527;4;1
3528;5;1
3529;6;1
3530;6;1
3531;7;1
3532;0;1
3533;7;1
3534;1;1
3535;1;1
3536;1;1
3537;3;1
3538;4;1
3539;5;1
3540;6;1
3541;6;1
3542;7;1
3543;0;1
3544;7;1
3545;1;1
3546;1;1
3547;1;1
3548;3;1
3549;4;1
3550;5;1
3551;6;1
3552;6;1
3553;7;1
3554;0;1
3555;7;1
3556;1;1
3557;1;1
3558;1;1
3559;3;1
3560;4;1
3561;5;1
3562;6;1
3563;6;1
3564;7;1
3565;0;1
3566;7;1
3567;1;1
3568;1;1
3569;1;1
3570;3;1
3571;4;1
3572;5;1
3573;6;1
3574;6;1
3575;7;1
3576;0;1
3577;7;1
3578;1;1
3579;1;1
3580;1;1
3581;3;1
3582;4;1
3583;5;1
3584;6;1
3585;6;1
3586;7;1
3587;0;1
3588;7;1
3589;1;1
3590;1;1
3591;1;1
3592;3;1
3593;4;1
3594;5;1
3595;6;1
3596;6;1
3597;7;1
3598;0;1
3599;7;1
3600;1;1
3601;1;1
3602;1;1
3603;3;1
3604;4;1
3605;5;1
3606;6;1
3607;6;1
3608;7;1
3609;0;1
3610;7;1
3611;1;1
3612;1;1
3613;1;1
3614;3;1
3615;4;1
3616;5;1
3617;6;1
3618;6;1
3619;7;1
3620;0;1
3621;7;1
3622;1;1
3623;1;1
3624;1;1
3625;3;1
3626;4;1
3627;5;1
3628;6;1
3629;6;1
3630;7;1
3631;0;1
3632;7;1
3633;1;1
3634;1;1
3635;1;1
3636;3;1
3637;4;1
3638;5;1
3639;6;1
3640;6;1
3641;7;1
3642;0;1
3643;7;1
3644;1;1
3645;1;1
3646;1;1
3647;3;1
3648;4;1
3649;5;1
3650;6;1
3651;6;1
3652;7;1
3653;0;1
3654;7;1
3655;1;1
3656;1;1
3657;1;1
3658;3;1
3659;4;1
3660;5;1
3661;6;1
3662;6;1
3663;7;1
3664;0;1
3665;7;1
3666;1;1
3667;1;1
3668;1;1
3669;3;1
3670;4;1
3671;5;1
3672;6;1
3673;6;1
3674;7;1
3675;0;1
3676;7;1
3677;1;1
3678;1;1
3679;1;1
3680;3;1
3681;4;1
3682;5;1
3683;6;1
3684;6;1
3685;7;1
3686;0;1
3687;7;1
3688;1;1
3689;1;1
3690;1;1
3691;3;1
3692;4;1
3693;5;1
3694;6;1
3695;6;1
3696;7;1
3697;0;1
3698;7;1
3699;1;1
3700;1;1
3701;1;1
3702;3;1
3703;4;1
3704;5;1
3705;6;1
3706;6;1
3707;7;1
3708;0;1
3709;7;1
3710;1;1
3711;1;1
3712;1;1
3713;3;1
3714;4;1
3715;5;1
3716;6;1
3717;6;1
3718;7;1
3719;0;1
3720;7;1
3721;1;1
3722;1;1
3723;1;1
3724;3;1
3725;4;1
3726;5;1
3727;6;1
3728;6;1
3729;7;1
3730;0;1
3731;7;1
3732;1;1
3733;1;1
3734;1;1
3735;3;1
3736;4;1
3737;5;1
3738;6;1
3739;6;1
3740;7;1
3741;0;1
3742;7;1
3743;1;1
3744;1;1
3745;1;1
3746;3;1
3747;4;1
3748;5;1
3749;6;1
3750;6;1
3751;7;1
3752;0;1
3753;7;1
3754;1;1
3755;1;1
3756;1;1
3757;3;1
3758;4;1
3759;5;1
3760;6;1
3761;6;1
3762;7;1
3763;0;1
3764;7;1
3765;1;1
3766;1;1
3767;1;1
3768;3;1
3769;4;1
3770;5;1
3771;6;1
3772;6;1
3773;7;1
3774;0;1
3775;7;1
3776;1;1
3777;1;1
3778;1;1
3779;3;1
3780;4;1
3781;5;1
3782;6;1
3783;6;1
3784;7;1
3785;0;1
3786;7;1
3787;1;1
3788;1;1
3789;1;1
3790;3;1
3791;4;1
3792;5;1
3793;6;1
3794;6;1
3795;7;1
3796;0;1
3797;7;1
3798;1;1
3799;1;1
3800;1;1
3801;3;1
3802;4;1
3803;5;1
3804;6;1
3805;6;1
3806;7;1
3807;0;1
3808;7;1
3809;1;1
3810;1;1
3811;1;1
3812;3;1
3813;4;1
3814;5;1
3815;6;1
3816;6;1
3817;7;1
3818;0;1
3819;7;1
3820;1;1
3821;1;1
3822;1;1
3823;3;1
3824;4;1
3825;5;1
3826;6;1
3827;6;1
3828;7;1
3829;0;1
3830;7;1
3831;1;1
3832;1;1
3833;1;1
3834;3;1
3835;4;1
3836;5;1
3837;6;1
3838;6;1
3839;7;1
3840;0;1
3841;7;1
3842;1;1
3843;1;1
3844;1;1
3845;3;1
3846;4;1
3847;5;1
3848;6;1
3849;6;1
3850;7;1
3851;0;1
3852;7;1
3853;1;1
3854;1;1
3855;1;1
3856;3;1
3857;4;1
3858;5;1
3859;6;1
3860;6;1
3861;7;1
3862;0;1
3863;7;1
3864;1;1
3865;1;1
3866;1;1
3867;3;1
3868;4;1
3869;5;1
3870;6;1
3871;6;1
3872;7;1
3873;0;1
3874;7;1
3875;1;1
3876;1;1
3877;1;1
3878;3;1
3879;4;1
3880;5;1
3881;6;1
3882;6;1
3883;7;1
3884;0;1
3885;7;1
3886;1;1
3887;1;1
3888;1;1
3889;3;1
3890;4;1
3891;5;1
3892;6;1
3893;6;1
3894;7;1
3895;0;1
3896;7;1
3897;1;1
3898;1;1
3899;1;1
3900;3;1
3901;4;1
3902;5;1
3903;6;1
3904;6;1
3905;7;1
3906;0;1
3907;7;1
3908;1;1
3909;1;1
3910;1;1
3911;3;1
3912;4;1
3913;5;1
3914;6;1
3915;6;1
3916;7;1
3917;0;1
3918;7;1
3919;1;1
3920;1;1
3921;1;1
3922;3;1
3923;4;1
3924;5;1
3925;6;1
3926;6;1
3927;7;1
3928;0;1
3929;7;1
3930;1;1
3931;1;1
3932;1;1
3933;3;1
3934;4;1
3935;5;1
3936;6;1
3937;6;1
3938;7;1
3939;0;1
3940;7;1
3941;1;1
3942;1;1
3943;1;1
3944;3;1
3945;4;1
3946;5;1
3947;6;1
3948;6;1
3949;7;1
3950;0;1
3951;7;1
3952;1;1
3953;1;1
3954;1;1
3955;3;1
3956;4;1
3957;5;1
3958;6;1
3959;6;1
3960;7;1
3961;0;1
3962;7;1
3963;1;1
3964;1;1
3965;1;1
3966;3;1
3967;4;1
3968;5;1
3969;6;1
3970;6;1
3971;7;1
3972;0;1
3973;7;1
3974;1;1
3975;1;1
3976;1;1
3977;3;1
3978;4;1
3979;5;1
3980;6;1
3981;6;1
3982;7;1
3983;0;1
3984;7;1
3985;1;1
3986;1;1
3987;1;1
3988;3;1
3989;4;1
3990;5;1
3991;6;1
3992;6;1
3993;7;1
3994;0;1
3995;7;1
3996;1;1
3997;1;1
3998;1;1
3999;3;1
4000;4;1
4001;5;1
4002;6;1
4003;6;1
4004;7;1
4005;0;1
4006;7;1
4007;1;1
4008;1;1
4009;1;1
4010;3;1
4011;4;1
4012;5;1
4013;6;1
4014;6;1
4015;7;1
4016;0;1
4017;7;1
4018;1;1
4019;1;1
4020;1;1
4021;3;1
4022;4;1
4023;5;1
4024;6;1
4025;6;1
4026;7;1
4027;0;1
4028;7;1
4029;1;1
4030;1;1
4031;1;1
4032;3;1
4033;4;1
4034;5;1
4035;6;1
4036;6;1
4037;7;1
4038;0;1
4039;7;1
4040;1;1
4041;1;1
4042;1;1
4043;3;1
4044;4;1
4045;5;1
4046;6;1
4047;6;1
4048;7;1
4049;0;1
4050;7;1
4051;1;1
4052;1;1
4053;1;1
4054;3;1
4055;4;1
4056;5;1
4057;6;1
4058;6;1
4059;7;1
4060;0;1
4061;7;1
4062;1;1
4063;1;1
4064;1;1
4065;3;1
4066;4;1
4067;5;1
4068;6;1
4069;6;1
4070;7;1
4071;0;1
4072;7;1
4073;1;1
4074;1;1
4075;1;1
4076;3;1
4077;4;1
4078;5;1
4079;6;1
4080;6;1
4081;7;1
4082;0;1
4083;7;1
4084;1;1
4085;1;1
4086;1;1
4087;3;1
4088;4;1
4089;5;1
4090;6;1
4091;6;1
4092;7;1
4093;0;1
4094;7;1
4095;1;1
4096;1;1
4097;1;1
4098;3;1
4099;4;1
4100;5;1
4101;6;1
4102;6;1
4103;7;1
4104;0;1
4105;7;1
4106;1;1
4107;1;1
4108;1;1
4109;3;1
4110;4;1
4111;5;1
4112;6;1
4113;6;1
4114;7;1
4115;0;1
4116;7;1
4117;1;1
4118;1;1
4119;1;1
4120;3;1
4121;4;1
4122;5;1
4123;6;1
4124;6;1
4125;7;1
4126;0;1
4127;7;1
4128;1;1
4129;1;1
4130;1;1
4131;3;1
4132;4;1
4133;5;1
4134;6;1
4135;6;1
4136;7;1
4137;0;1
4138;7;1
4139;1;1
4140;1;1
4141;1;1
4142;3;1
4143;4;1
4144;5;1
4145;6;1
4146;6;1
4147;7;1
4148;0;1
4149;7;1
4150;1;1
4151;1;1
4152;1;1
4153;3;1
4154;4;1
4155;5;1
4156;6;1
4157;6;1
4158;7;1
4159;0;1
4160;7;1
4161;1;1
4162;1;1
4163;1;1
4164;3;1
4165;4;1
4166;5;1
4167;6;1
4168;6;1
4169;7;1
4170;0;1
4171;7;1
4172;1;1
4173;1;1
4174;1;1
4175;3;1
4176;4;1
4177;5;1
4178;6;1
4179;6;1
4180;7;1
4181;0;1
4182;7;1
4183;1;1
4184;1;1
4185;1;1
4186;3;1
4187;4;1
4188;5;1
4189;6;1
4190;6;1
4191;7;1
4192;0;1
4193;7;1
4194;1;1
4195;1;1
4196;1;1
4197;3;1
4198;4;1
4199;5;1
4200;6;1
4201;6;1
4202;7;1
4203;0;1
4204;7;1
4205;1;1
4206;1;1
4207;1;1
4208;3;1
4209;4;1
4210;5;1
4211;6;1
4212;6;1
4213;7;1
4214;0;1
4215;7;1
4216;1;1
4217;1;1
4218;1;1
4219;3;1
4220;4;1
4221;5;1
4222;6;1
4223;6;1
4224;7;1
4225;0;1
4226;7;1
4227;1;1
4228;1;1
4229;1;1
4230;3;1
4231;4;1
4232;5;1
4233;6;1
4234;6;1
4235;7;1
4236;0;1
4237;7;1
4238;1;1
4239;1;1
4240;1;1
4241;3;1
4242;4;1
4243;5;1
4244;6;1
4245;6;1
4246;7;1
4247;0;1
4248;7;1
4249;1;1
4250;1;1
4251;1;1
4252;3;1
4253;4;1
4254;5;1
4255;6;1
4256;6;1
4257;7;1
4258;0;1
4259;7;1
4260;1;1
4261;1;1
4262;1;1
4263;3;1
4264;4;1
4265;5;1
4266;6;1
4267;6;1
4268;7;1
4269;0;1
4270;7;1
4271;1;1
4272;1;1
4273;1;1
4274;3;1
4275;4;1
4276;5;1
4277;6;1
4278;6;1
4279;7;1
4280;0;1
4281;7;1
4282;1;1
4283;1;1
4284;1;1
4285;3;1
4286;4;1
4287;5;1
4288;6;1
4289;6;1
4290;7;1
4291;0;1
4292;7;1
4293;1;1
4294;1;1
4295;1;1
4296;3;1
4297;4;1
4298;5;1
4299;6;1
4300;6;1
4301;7;1
4302;0;1
4303;7;1
4304;1;1
4305;1;1
4306;1;1
4307;3;1
4308;4;1
4309;5;1
4310;6;1
4311;6;1
4312;7;1
4313;0;1
4314;7;1
4315;1;1
4316;1;1
4317;1;1
4318;3;1
4319;4;1
4320;5;1
4321;6;1
4322;6;1
4323;7;1
4324;0;1
4325;7;1
4326;1;1
4327;1;1
4328;1;1
4329;3;1
4330;4;1
4331;5;1
4332;6;1
4333;6;1
4334;7;1
4335;0;1
4336;7;1
4337;1;1
4338;1;1
4339;1;1
4340;3;1
4341;4;1
4342;5;1
4343;6;1
4344;6;1
4345;7;1
4346;0;1
4347;7;1
4348;1;1
4349;1;1
4350;1;1
4351;3;1
4352;4;1
4353;5;1
4354;6;1
4355;6;1
4356;7;1
4357;0;1
4358;7;1
4359;1;1
4360;1;1
4361;1;1
4362;3;1
4363;4;1
4364;5;1
4365;6;1
4366;6;1
4367;7;1
4368;0;1
4369;7;1
4370;1;1
4371;1;1
4372;1;1
4373;3;1
4374;4;1
4375;5;1
4376;6;1
4377;6;1
4378;7;1
4379;0;1
4380;7;1
4381;1;1
4382;1;1
4383;1;1
4384;3;1
4385;4;1
4386;5;1
4387;6;1
4388;6;1
4389;7;1
4390;0;1
4391;7;1
4392;1;1
4393;1;1
4394;1;1
4395;3;1
4396;4;1
4397;5;1
4398;6;1
4399;6;1
4400;7;1
4401;0;1
4402;7;1
4403;1;1
4404;1;1
4405;1;1
4406;3;1
4407;4;1
4408;5;1
4409;6;1
4410;6;1
4411;7;1
4412;0;1
4413;7;1
4414;1;1
4415;1;1
4416;1;1
4417;3;1
4418;4;1
4419;5;1
4420;6;1
4421;6;1
4422;7;1
4423;0;1
4424;7;1
4425;1;1
4426;1;1
4427;1;1
4428;3;1
4429;4;1
4430;5;1
4431;6;1
4432;6;1
4433;7;1
4434;0;1
4435;7;1
4436;1;1
4437;1;1
4438;1;1
4439;3;1
4440;4;1
4441;5;1
4442;6;1
4443;6;1
4444;7;1
4445;0;1
4446;7;1
4447;1;1
4448;1;1
4449;1;1
4450;3;1
4451;4;1
4452;5;1
4453;6;1
4454;6;1
4455;7;1
4456;0;1
4457;7;1
4458;1;1
4459;1;1
4460;1;1
4461;3;1
4462;4;1
4463;5;1
4464;6;1
4465;6;1
4466;7;1
4467;0;1
4468;7;1
4469;1;1
4470;1;1
4471;1;1
4472;3;1
4473;4;1
4474;5;1
4475;6;1
4476;6;1
4477;7;1
4478;0;1
4479;7;1
4480;1;1
4481;1;1
4482;1;1
4483;3;1
4484;4;1
4485;5;1
4486;6;1
4487;6;1
4488;7;1
4489;0;1
4490;7;1
4491;1;1
4492;1;1
4493;1;1
4494;3;1
4495;4;1
4496;5;1
4497;6;1
4498;6;1
4499;7;1
4500;0;1
4501;7;1
4502;1;1
4503;1;1
4504;1;1
4505;3;1
4506;4;1
4507;5;1
4508;6;1
4509;6;1
4510;7;1
4511;0;1
4512;7;1
4513;1;1
4514;1;1
4515;1;1
4516;3;1
4517;4;1
4518;5;1
4519;6;1
4520;6;1
4521;7;1
4522;0;1
4523;7;1
4524;1;1
4525;1;1
4526;1;1
4527;3;1
4528;4;1
4529;5;1
4530;6;1
4531;6;1
4532;7;1
4533;0;1
4534;7;1
4535;1;1
4536;1;1
4537;1;1
4538;3;1
4539;4;1
4540;5;1
4541;6;1
4542;6;1
4543;7;1
4544;0;1
4545;7;1
4546;1;1
4547;1;1
4548;1;1
4549;3;1
4550;4;1
4551;5;1
4552;6;1
4553;6;1
4554;7;1
4555;0;1
4556;7;1
4557;1;1
4558;1;1
4559;1;1
4560;3;1
4561;4;1
4562;5;1
4563;6;1
4564;6;1
4565;7;1
4566;0;1
4567;7;1
4568;1;1
4569;1;1
4570;1;1
4571;3;1
4572;4;1
4573;5;1
4574;6;1
4575;6;1
4576;7;1
4577;0;1
4578;7;1
4579;1;1
4580;1;1
4581;1;1
4582;3;1
4583;4;1
4584;5;1
4585;6;1
4586;6;1
4587;7;1
4588;0;1
4589;7;1
4590;1;1
4591;1;1
4592;1;1
4593;3;1
4594;4;1
4595;5;1
4596;6;1
4597;6;1
4598;7;1
4599;0;1
4600;7;1
4601;1;1
4602;1;1
4603;1;1
4604;3;1
4605;4;1
4606;5;1
4607;6;1
4608;6;1
4609;7;1
4610;0;1
4611;7;1
4612;1;1
4613;1;1
4614;1;1
4615;3;1
4616;4;1
4617;5;1
4618;6;1
4619;6;1
4620;7;1
4621;0;1
4622;7;1
4623;1;1
4624;1;1
4625;1;1
4626;3;1
4627;4;1
4628;5;1
4629;6;1
4630;6;1
4631;7;1
4632;0;1
4633;7;1
4634;1;1
4635;1;1
4636;1;1
4637;3;1
4638;4;1
4639;5;1
4640;6;1
4641;6;1
4642;7;1
4643;0;1
4644;7;1
4645;1;1
4646;1;1
4647;1;1
4648;3;1
4649;4;1
4650;5;1
4651;6;1
4652;6;1
4653;7;1
4654;0;1
4655;7;1
4656;1;1
4657;1;1
4658;1;1
4659;3;1
4660;4;1
4661;5;1
4662;6;1
4663;6;1
4664;7;1
4665;0;1
4666;7;1
4667;1;1
4668;1;1
4669;1;1
4670;3;1
4671;4;1
4672;5;1
4673;6;1
4674;6;1
4675;7;1
4676;0;1
4677;7;1
4678;1;1
4679;1;1
4680;1;1
4681;3;1
4682;4;1
4683;5;1
4684;6;1
4685;6;1
4686;7;1
4687;0;1
4688;7;1
4689;1;1
4690;1;1
4691;1;1
4692;3;1
4693;4;1
4694;5;1
4695;6;1
4696;6;1
4697;7;1
4698;0;1
4699;7;1
4700;1;1
4701;1;1
4702;1;1
4703;3;1
4704;4;1
4705;5;1
4706;6;1
4707;6;1
4708;7;1
4709;0;1
4710;7;1
4711;1;1
4712;1;1
4713;1;1
4714;3;1
4715;4;1
4716;5;1
4717;6;1
4718;6;1
4719;7;1
4720;0;1
4721;7;1
4722;1;1
4723;1;1
4724;1;1
4725;3;1
4726;4;1
4727;5;1
4728;6;1
4729;6;1
4730;7;1
4731;0;1
4732;7;1
4733;1;1
4734;1;1
4735;1;1
4736;3;1
4737;4;1
4738;5;1
4739;6;1
4740;6;1
4741;7;1
4742;0;1
4743;7;1
4744;1;1
4745;1;1
4746;1;1
4747;3;1
4748;4;1
4749;5;1
4750;6;1
4751;6;1
4752;7;1
4753;0;1
4754;7;1
4755;1;1
4756;1;1
4757;1;1
4758;3;1
4759;4;1
4760;5;1
4761;6;1
4762;6;1
4763;7;1
4764;0;1
4765;7;1
4766;1;1
4767;1;1
4768;1;1
4769;3;1
4770;4;1
4771;5;1
4772;6;1
4773;6;1
4774;7;1
4775;0;1
4776;7;1
4777;1;1
4778;1;1
4779;1;1
4780;3;1
4781;4;1
4782;5;1
4783;6;1
4784;6;1
4785;7;1
4786;0;1
4787;7;1
4788;1;1
4789;1;1
4790;1;1
4791;3;1
4792;4;1
4793;5;1
4794;6;1
4795;6;1
4796;7;1
4797;0;1
4798;7;1
4799;1;1
4800;1;1
4801;1;1
4802;3;1
4803;4;1
4804;5;1
4805;6;1
4806;6;1
4807;7;1
4808;0;1
4809;7;1
4810;1;1
4811;1;1
4812;1;1
4813;3;1
4814;4;1
4815;5;1
4816;6;1
4817;6;1
4818;7;1
4819;0;1
4820;7;1
4821;1;1
4822;1;1
4823;1;1
4824;3;1
4825;4;1
4826;5;1
4827;6;1
4828;6;1
4829;7;1
4830;0;1
4831;7;1
4832;1;1
4833;1;1
4834;1;1
4835;3;1
4836;4;1
4837;5;1
4838;6;1
4839;6;1
4840;7;1
4841;0;1
4842;7;1
4843;1;1
4844;1;1
4845;1;1
4846;3;1
4847;4;1
4848;5;1
4849;6;1
4850;6;1
4851;7;1
4852;0;1
4853;7;1
4854;1;1
4855;1;1
4856;1;1
4857;3;1
4858;4;1
4859;5;1
4860;6;1
4861;6;1
4862;7;1
4863;0;1
4864;7;1
4865;1;1
4866;1;1
4867;1;1
4868;3;1
4869;4;1
4870;5;1
4871;6;1
4872;6;1
4873;7;1
4874;0;1
4875;7;1
4876;1;1
4877;1;1
4878;1;1
4879;3;1
4880;4;1
4881;5;1
4882;6;1
4883;6;1
4884;7;1
4885;0;1
4886;7;1
4887;1;1
4888;1;1
4889;1;1
4890;3;1
4891;4;1
4892;5;1
4893;6;1
4894;6;1
4895;7;1
4896;0;1
4897;7;1
4898;1;1
4899;1;1
4900;1;1
4901;3;1
4902;4;1
4903;5;1
4904;6;1
4905;6;1
4906;7;1
4907;0;1
4908;7;1
4909;1;1
4910;1;1
4911;1;1
4912;3;1
4913;4;1
4914;5;1
4915;6;1
4916;6;1
4917;7;1
4918;0;1
4919;7;1
4920;1;1
4921;1;1
4922;1;1
4923;3;1
4924;4;1
4925;5;1
4926;6;1
4927;6;1
4928;7;1
4929;0;1
4930;7;1
4931;1;1
4932;1;1
4933;1;1
4934;3;1
4935;4;1
4936;5;1
4937;6;1
4938;6;1
4939;7;1
4940;0;1
4941;7;1
4942;1;1
4943;1;1
4944;1;1
4945;3;1
4946;4;1
4947;5;1
4948;6;1
4949;6;1
4950;7;1
4951;0;1
4952;7;1
4953;1;1
4954;1;1
4955;1;1
4956;3;1
4957;4;1
4958;5;1
4959;6;1
4960;6;1
4961;7;1
4962;0;1
4963;7;1
4964;1;1
4965;1;1
4966;1;1
4967;3;1
4968;4;1
4969;5;1
4970;6;1
4971;6;1
4972;7;1
4973;0;1
4974;7;1
4975;1;1
4976;1;1
4977;1;1
4978;3;1
4979;4;1
4980;5;1
4981;6;1
4982;6;1
4983;7;1
4984;0;1
4985;7;1
4986;1;1
4987;1;1
4988;1;1
4989;3;1
4990;4;1
4991;5;1
4992;6;1
4993;6;1
4994;7;1
4995;0;1
4996;7;1
4997;1;1
4998;1;1
4999;1;1
5000;3;1
5001;4;1
5002;5;1
5003;6;1
5004;6;1
5005;7;1
5006;0;1
5007;7;1
5008;1;1
5009;1;1
5010;1;1
5011;3;1
5012;4;1
5013;5;1
5014;6;1
5015;6;1
5016;7;1
5017;0;1
5018;7;1
5019;1;1
5020;1;1
5021;1;1
5022;3;1
5023;4;1
5024;5;1
5025;6;1
5026;6;1
5027;7;1
5028;0;1
5029;7;1
5030;1;1
5031;1;1
5032;1;1
5033;3;1
5034;4;1
5035;5;1
5036;6;1
5037;6;1
5038;7;1
5039;0;1
5040;7;1
5041;1;1
5042;1;1
5043;1;1
5044;3;1
5045;4;1
5046;5;1
5047;6;1
5048;6;1
5049;7;1
5050;0;1
5051;7;1
5052;1;1
5053;1;1
5054;1;1
5055;3;1
5056;4;1
5057;5;1
5058;6;1
5059;6;1
5060;7;1
5061;0;1
5062;7;1
5063;1;1
5064;1;1
5065;1;1
5066;3;1
5067;4;1
5068;5;1
5069;6;1
5070;6;1
5071;7;1
5072;0;1
5073;7;1
5074;1;1
5075;1;1
5076;1;1
5077;3;1
5078;4;1
5079;5;1
5080;6;1
5081;6;1
5082;7;1
5083;0;1
5084;7;1
5085;1;1
5086;1;1
5087;1;1
5088;3;1
5089;4;1
5090;5;1
5091;6;1
5092;6;1
5093;7;1
5094;0;1
5095;7;1
5096;1;1
5097;1;1
5098;1;1
5099;3;1
5100;4;1
5101;5;1
5102;6;1
5103;6;1
5104;7;1
5105;0;1
5106;7;1
5107;1;1
5108;1;1
5109;1;1
5110;3;1
5111;4;1
5112;5;1
5113;6;1
5114;6;1
5115;7;1
5116;0;1
5117;7;1
5118;1;1
5119;1;1
5120;1;1
5121;3;1
5122;4;1
5123;5;1
5124;6;1
5125;6;1
5126;7;1
5127;0;1
5128;7;1
5129;1;1
5130;1;1
5131;1;1
5132;3;1
5133;4;1
5134;5;1
5135;6;1
5136;6;1
5137;7;1
5138;0;1
5139;7;1
5140;1;1
5141;1;1
5142;1;1
5143;3;1
5144;4;1
5145;5;1
5146;6;1
5147;6;1
5148;7;1
5149;0;1
5150;7;1
5151;1;1
5152;1;1
5153;1;1
5154;3;1
5155;4;1
5156;5;1
5157;6;1
5158;6;1
5159;7;1
5160;0;1
5161;7;1
5162;1;1
5163;1;1
5164;1;1
5165;3;1
5166;4;1
5167;5;1
5168;6;1
5169;6;1
5170;7;1
5171;0;1
5172;7;1
5173;1;1
5174;1;1
5175;1;1
5176;3;1
5177;4;1
5178;5;1
5179;6;1
5180;6;1
5181;7;1
5182;0;1
5183;7;1
5184;1;1
5185;1;1
5186;1;1
5187;3;1
5188;4;1
5189;5;1
5190;6;1
5191;6;1
5192;7;1
5193;0;1
5194;7;1
5195;1;1
5196;1;1
5197;1;1
5198;3;1
5199;4;1
5200;5;1
5201;6;1
5202;6;1
5203;7;1
5204;0;1
5205;7;1
5206;1;1
5207;1;1
5208;1;1
5209;3;1
5210;4;1
5211;5;1
5212;6;1
5213;6;1
5214;7;1
5215;0;1
5216;7;1
5217;1;1
5218;1;1
5219;1;1
5220;3;1
5221;4;1
5222;5;1
5223;6;1
5224;6;1
5225;7;1
5226;0;1
5227;7;1
5228;1;1
5229;1;1
5230;1;1
5231;3;1
5232;4;1
5233;5;1
5234;6;1
5235;6;1
5236;7;1
5237;0;1
5238;7;1
5239;1;1
5240;1;1
5241;1;1
5242;3;1
5243;4;1
5244;5;1
5245;6;1
5246;6;1
5247;7;1
5248;0;1
5249;7;1
5250;1;1
5251;1;1
5252;1;1
5253;3;1
5254;4;1
5255;5;1
5256;6;1
5257;6;1
5258;7;1
5259;0;1
5260;7;1
5261;1;1
5262;1;1
5263;1;1
5264;3;1
5265;4;1
5266;5;1
5267;6;1
5268;6;1
5269;7;1
5270;0;1
5271;7;1
5272;1;1
5273;1;1
5274;1;1
5275;3;1
5276;4;1
5277;5;1
5278;6;1
5279;6;1
5280;7;1
5281;0;1
5282;7;1
5283;1;1
5284;1;1
5285;1;1
5286;3;1
5287;4;1
5288;5;1
5289;6;1
5290;6;1
5291;7;1
5292;0;1
5293;7;1
5294;1;1
5295;1;1
5296;1;1
5297;3;1
5298;4;1
5299;5;1
5300;6;1
5301;6;1
5302;7;1
5303;0;1
5304;7;1
5305;1;1
5306;1;1
5307;1;1
5308;3;1
5309;4;1
5310;5;1
5311;6;1
5312;6;1
5313;7;1
5314;0;1
5315;7;1
5316;1;1
5317;1;1
5318;1;1
5319;3;1
5320;4;1
5321;5;1
5322;6;1
5323;6;1
5324;7;1
5325;0;1
5326;7;1
5327;1;1
5328;1;1
5329;1;1
5330;3;1
5331;4;1
5332;5;1
5333;6;1
5334;6;1
5335;7;1
5336;0;1
5337;7;1
5338;1;1
5339;1;1
5340;1;1
5341;3;1
5342;4;1
5343;5;1
5344;6;1
5345;6;1
5346;7;1
5347;0;1
5348;7;1
5349;1;1
5350;1;1
5351;1;1
5352;3;1
5353;4;1
5354;5;1
5355;6;1
5356;6;1
5357;7;1
5358;0;1
5359;7;1
5360;1;1
5361;1;1
5362;1;1
5363;3;1
5364;4;1
5365;5;1
5366;6;1
5367;6;1
5368;7;1
5369;0;1
5370;7;1
5371;1;1
5372;1;1
5373;1;1
5374;3;1
5375;4;1
5376;5;1
5377;6;1
5378;6;1
5379;7;1
5380;0;1
5381;7;1
5382;1;1
5383;1;1
5384;1;1
5385;3;1
5386;4;1
5387;5;1
5388;6;1
5389;6;1
5390;7;1
5391;0;1
5392;7;1
5393;1;1
5394;1;1
5395;1;1
5396;3;1
5397;4;1
5398;5;1
5399;6;1
5400;6;1
5401;7;1
5402;0;1
5403;7;1
5404;1;1
5405;1;1
5406;1;1
5407;3;1
5408;4;1
5409;5;1
5410;6;1
5411;6;1
5412;7;1
5413;0;1
5414;7;1
5415;1;1
5416;1;1
5417;1;1
5418;3;1
5419;4;1
5420;5;1
5421;6;1
5422;6;1
5423;7;1
5424;0;1
5425;7;1
5426;1;1
5427;1;1
5428;1;1
5429;3;1
5430;4;1
5431;5;1
5432;6;1
5433;6;1
5434;7;1
5435;0;1
5436;7;1
5437;1;1
5438;1;1
5439;1;1
5440;3;1
5441;4;1
5442;5;1
5443;6;1
5444;6;1
5445;7;1
5446;0;1
5447;7;1
5448;1;1
5449;1;1
5450;1;1
5451;3;1
5452;4;1
5453;5;1
5454;6;1
5455;6;1
5456;7;1
5457;0;1
5458;7;1
5459;1;1
5460;1;1
5461;1;1
5462;3;1
5463;4;1
5464;5;1
5465;6;1
5466;6;1
5467;7;1
5468;0;1
5469;7;1
5470;1;1
5471;1;1
5472;1;1
5473;3;1
5474;4;1
5475;5;1
5476;6;1
5477;6;1
5478;7;1
5479;0;1
5480;7;1
5481;1;1
5482;1;1
5483;1;1
5484;3;1
5485;4;1
5486;5;1
5487;6;1
5488;6;1
5489;7;1
5490;0;1
5491;7;1
5492;1;1
5493;1;1
5494;1;1
5495;3;1
5496;4;1
5497;5;1
5498;6;1
5499;6;1
5500;7;1
5501;0;1
5502;7;1
5503;1;1
5504;1;1
5505;1;1
5506;3;1
5507;4;1
5508;5;1
5509;6;1
5510;6;1
5511;7;1
5512;0;1
5513;7;1
5514;1;1
5515;1;1
5516;1;1
5517;3;1
5518;4;1
5519;5;1
5520;6;1
5521;6;1
5522;7;1
5523;0;1
5524;7;1
5525;1;1
5526;1;1
5527;1;1
5528;3;1
5529;4;1
5530;5;1
5531;6;1
5532;6;1
5533;7;1
5534;0;1
5535;7;1
5536;1;1
5537;1;1
5538;1;1
5539;3;1
5540;4;1
5541;5;1
5542;6;1
5543;6;1
5544;7;1
5545;0;1
5546;7;1
5547;1;1
5548;1;1
5549;1;1
5550;3;1
5551;4;1
5552;5;1
5553;6;1
5554;6;1
5555;7;1
5556;0;1
5557;7;1
5558;1;1
5559;1;1
5560;1;1
5561;3;1
5562;4;1
5563;5;1
5564;6;1
5565;6;1
5566;7;1
5567;0;1
5568;7;1
5569;1;1
5570;1;1
5571;1;1
5572;3;1
5573;4;1
5574;5;1
5575;6;1
5576;6;1
5577;7;1
5578;0;1
5579;7;1
5580;1;1
5581;1;1
5582;1;1
5583;3;1
5584;4;1
5585;5;1
5586;6;1
5587;6;1
5588;7;1
5589;0;1
5590;7;1
5591;1;1
5592;1;1
5593;1;1
5594;3;1
5595;4;1
5596;5;1
5597;6;1
5598;6;1
5599;7;1
5600;0;1
5601;7;1
5602;1;1
5603;1;1
5604;1;1
5605;3;1
5606;4;1
5607;5;1
5608;6;1
5609;6;1
5610;7;1
5611;0;1
5612;7;1
5613;1;1
5614;1;1
5615;1;1
5616;3;1
5617;4;1
5618;5;1
5619;6;1
5620;6;1
5621;7;1
5622;0;1
5623;7;1
5624;1;1
5625;1;1
5626;1;1
5627;3;1
5628;4;1
5629;5;1
5630;6;1
5631;6;1
5632;7;1
5633;0;1
5634;7;1
5635;1;1
5636;1;1
5637;1;1
5638;3;1
5639;4;1
5640;5;1
5641;6;1
5642;6;1
5643;7;1
5644;0;1
5645;7;1
5646;1;1
5647;1;1
5648;1;1
5649;3;1
5650;4;1
5651;5;1
5652;6;1
5653;6;1
5654;7;1
5655;0;1
5656;7;1
5657;1;1
5658;1;1
5659;1;1
5660;3;1
5661;4;1
5662;5;1
5663;6;1
5664;6;1
5665;7;1
5666;0;1
5667;7;1
5668;1;1
5669;1;1
5670;1;1
5671;3;1
5672;4;1
5673;5;1
5674;6;1
5675;6;1
5676;7;1
5677;0;1
5678;7;1
5679;1;1
5680;1;1
5681;1;1
5682;3;1
5683;4;1
5684;5;1
5685;6;1
5686;6;1
5687;7;1
5688;0;1
5689;7;1
5690;1;1
5691;1;1
5692;1;1
5693;3;1
5694;4;1
5695;5;1
5696;6;1
5697;6;1
5698;7;1
5699;0;1
5700;7;1
5701;1;1
5702;1;1
5703;1;1
5704;3;1
5705;4;1
5706;5;1
5707;6;1
5708;6;1
5709;7;1
5710;0;1
5711;7;1
5712;1;1
5713;1;1
5714;1;1
5715;3;1
5716;4;1
5717;5;1
5718;6;1
5719;6;1
5720;7;1
5721;0;1
5722;7;1
5723;1;1
5724;1;1
5725;1;1
5726;3;1
5727;4;1
5728;5;1
5729;6;1
5730;6;1
5731;7;1
5732;0;1
5733;7;1
5734;1;1
5735;1;1
5736;1;1
5737;3;1
5738;4;1
5739;5;1
5740;6;1
5741;6;1
5742;7;1
5743;0;1
5744;7;1
5745;1;1
5746;1;1
5747;1;1
5748;3;1
5749;4;1
5750;5;1
5751;6;1
5752;6;1
5753;7;1
5754;0;1
5755;7;1
5756;1;1
5757;1;1
5758;1;1
5759;3;1
5760;4;1
5761;5;1
5762;6;1
5763;6;1
5764;7;1
5765;0;1
5766;7;1
5767;1;1
5768;1;1
5769;1;1
5770;3;1
5771;4;1
5772;5;1
5773;6;1
5774;6;1
5775;7;1
5776;0;1
5777;7;1
5778;1;1
5779;1;1
5780;1;1
5781;3;1
5782;4;1
5783;5;1
5784;6;1
5785;6;1
5786;7;1
5787;0;1
5788;7;1
5789;1;1
5790;1;1
5791;1;1
5792;3;1
5793;4;1
5794;5;1
5795;6;1
5796;6;1
5797;7;1
5798;0;1
5799;7;1
5800;1;1
5801;1;1
5802;1;1
5803;3;1
5804;4;1
5805;5;1
5806;6;1
5807;6;1
5808;7;1
5809;0;1
5810;7;1
5811;1;1
5812;1;1
5813;1;1
5814;3;1
5815;4;1
5816;5;1
5817;6;1
5818;6;1
5819;7;1
5820;0;1
5821;7;1
5822;1;1
5823;1;1
5824;1;1
5825;3;1
5826;4;1
5827;5;1
5828;6;1
5829;6;1
5830;7;1
5831;0;1
5832;7;1
5833;1;1
5834;1;1
5835;1;1
5836;3;1
5837;4;1
5838;5;1
5839;6;1
5840;6;1
5841;7;1
5842;0;1
5843;7;1
5844;1;1
5845;1;1
5846;1;1
5847;3;1
5848;4;1
5849;5;1
5850;6;1
5851;6;1
5852;7;1
5853;0;1
5854;7;1
5855;1;1
5856;1;1
5857;1;1
5858;3;1
5859;4;1
5860;5;1
5861;6;1
5862;6;1
5863;7;1
5864;0;1
5865;7;1
5866;1;1
5867;1;1
5868;1;1
5869;3;1
5870;4;1
5871;5;1
5872;6;1
5873;6;1
5874;7;1
5875;0;1
5876;7;1
5877;1;1
5878;1;1
5879;1;1
5880;3;1
5881;4;1
5882;5;1
5883;6;1
5884;6;1
5885;7;1
5886;0;1
5887;7;1
5888;1;1
5889;1;1
5890;1;1
5891;3;1
5892;4;1
5893;5;1
5894;6;1
5895;6;1
5896;7;1
5897;0;1
5898;7;1
5899;1;1
5900;1;1
5901;1;1
5902;3;1
5903;4;1
5904;5;1
5905;6;1
5906;6;1
5907;7;1
5908;0;1
5909;7;1
5910;1;1
5911;1;1
5912;1;1
5913;3;1
5914;4;1
5915;5;1
5916;6;1
5917;6;1
5918;7;1
5919;0;1
5920;7;1
5921;1;1
5922;1;1
5923;1;1
5924;3;1
5925;4;1
5926;5;1
5927;6;1
5928;6;1
5929;7;1
5930;0;1
5931;7;1
5932;1;1
5933;1;1
5934;1;1
5935;3;1
5936;4;1
5937;5;1
5938;6;1
5939;6;1
5940;7;1
5941;0;1
5942;7;1
5943;1;1
5944;1;1
5945;1;1
5946;3;1
5947;4;1
5948;5;1
5949;6;1
5950;6;1
5951;7;1
5952;0;1
5953;7;1
5954;1;1
5955;1;1
5956;1;1
5957;3;1
5958;4;1
5959;5;1
5960;6;1
5961;6;1
5962;7;1
5963;0;1
5964;7;1
5965;1;1
5966;1;1
5967;1;1
5968;3;1
5969;4;1
5970;5;1
5971;6;1
5972;6;1
5973;7;1
5974;0;1
5975;7;1
5976;1;1
5977;1;1
5978;1;1
5979;3;1
5980;4;1
5981;5;1
5982;6;1
5983;6;1
5984;7;1
5985;0;1
5986;7;1
5987;1;1
5988;1;1
5989;1;1
5990;3;1
5991;4;1
5992;5;1
5993;6;1
5994;6;1
5995;7;1
5996;0;1
5997;7;1
5998;1;1
5999;1;1
6000;1;1
6001;3;1
6002;4;1
6003;5;1
6004;6;1
6005;6;1
6006;7;1
6007;0;1
6008;7;1
6009;1;1
6010;1;1
6011;1;1
6012;3;1
6013;4;1
6014;5;1
6015;6;1
6016;6;1
6017;7;1
6018;0;1
6019;7;1
6020;1;1
6021;1;1
6022;1;1
6023;3;1
6024;4;1
6025;5;1
6026;6;1
6027;6;1
6028;7;1
6029;0;1
6030;7;1
6031;1;1
6032;1;1
6033;1;1
6034;3;1
6035;4;1
6036;5;1
6037;6;1
6038;6;1
6039;7;1
6040;0;1
6041;7;1
6042;1;1
6043;1;1
6044;1;1
6045;3;1
6046;4;1
6047;5;1
6048;6;1
6049;6;1
6050;7;1
6051;0;1
6052;7;1
6053;1;1
6054;1;1
6055;1;1
6056;3;1
6057;4;1
6058;5;1
6059;6;1
6060;6;1
6061;7;1
6062;0;1
6063;7;1
6064;1;1
6065;1;1
6066;1;1
6067;3;1
6068;4;1
6069;5;1
6070;6;1
6071;6;1
6072;7;1
6073;0;1
6074;7;1
6075;1;1
6076;1;1
6077;1;1
6078;3;1
6079;4;1
6080;5;1
6081;6;1
6082;6;1
6083;7;1
6084;0;1
6085;7;1
6086;1;1
6087;1;1
6088;1;1
6089;3;1
6090;4;1
6091;5;1
6092;6;1
6093;6;1
6094;7;1
6095;0;1
6096;7;1
6097;1;1
6098;1;1
6099;1;1
6100;3;1
6101;4;1
6102;5;1
6103;6;1
6104;6;1
6105;7;1
6106;0;1
6107;7;1
6108;1;1
6109;1;1
6110;1;1
6111;3;1
6112;4;1
6113;5;1
6114;6;1
6115;6;1
6116;7;1
6117;0;1
6118;7;1
6119;1;1
6120;1;1
6121;1;1
6122;3;1
6123;4;1
6124;5;1
6125;6;1
6126;6;1
6127;7;1
6128;0;1
6129;7;1
6130;1;1
6131;1;1
6132;1;1
6133;1;1
6134;2;1
6135;1;1
6136;1;1
6137;4;1
